x,ideal_func_1,ideal_func_2,ideal_func_3,ideal_func_4,ideal_func_5,ideal_func_6,ideal_func_7,ideal_func_8,ideal_func_9,ideal_func_10,ideal_func_11,ideal_func_12,ideal_func_13,ideal_func_14,ideal_func_15,ideal_func_16,ideal_func_17,ideal_func_18,ideal_func_19,ideal_func_20,ideal_func_21,ideal_func_22,ideal_func_23,ideal_func_24,ideal_func_25,ideal_func_26,ideal_func_27,ideal_func_28,ideal_func_29,ideal_func_30,ideal_func_31,ideal_func_32,ideal_func_33,ideal_func_34,ideal_func_35,ideal_func_36,ideal_func_37,ideal_func_38,ideal_func_39,ideal_func_40,ideal_func_41,ideal_func_42,ideal_func_43,ideal_func_44,ideal_func_45,ideal_func_46,ideal_func_47,ideal_func_48,ideal_func_49,ideal_func_50
1,2,4,6,8,10,12,14,16,18,20,1.1,1.2,1.3,1.4,1.5,1.6,1.7,1.8,1.9,2,17.6708906809658,18.5123616657737,19.3538326505816,20.1953036353895,21.0367746201974,21.8782456050053,22.7197165898132,23.5611875746211,24.402658559429,25.2441295442368,0,0,0,0,0,0,0,0,0,0,33.5679608761972,34.3866916292752,35.2054223823532,36.0241531354312,36.8428838885091,37.6616146415871,38.4803453946651,39.2990761477431,40.1178069008211,40.936537653899
1.09090909090909,2.09090909090909,4.18181818181818,6.27272727272727,8.36363636363636,10.4545454545454,12.5454545454545,14.6363636363636,16.7272727272727,18.8181818181818,20.9090909090909,1.3090909090909,1.42809917355371,1.54710743801652,1.66611570247933,1.78512396694214,1.90413223140495,2.02314049586776,2.14214876033057,2.26115702479338,2.38016528925619,18.6279867744485,19.515033763708,20.4020807529674,21.2891277422269,22.1761747314864,23.0632217207458,23.9502687100053,24.8373156992647,25.7243626885242,26.6114096777836,2.69735268667852,2.78436406366815,2.87137544065778,2.9583868176474,3.04539819463703,3.13240957162666,3.21942094861629,3.30643232560592,3.39344370259555,3.48045507958518,32.9631492635843,33.7671285139157,34.571107764247,35.3750870145783,36.1790662649096,36.983045515241,37.7870247655723,38.5910040159036,39.3949832662349,40.1989625165663
1.18181818181818,2.18181818181818,4.36363636363636,6.54545454545454,8.72727272727272,10.9090909090909,13.090909090909,15.2727272727272,17.4545454545454,19.6363636363636,21.8181818181818,1.53636363636363,1.67603305785124,1.81570247933884,1.95537190082644,2.09504132231405,2.23471074380165,2.37438016528925,2.51404958677686,2.65371900826446,2.79338842975206,19.4312385611863,20.3565356355285,21.2818327098707,22.2071297842129,23.1324268585551,24.0577239328973,24.9830210072395,25.9083180815817,26.8336151559239,27.7589122302661,5.17867662455815,5.34573070922131,5.51278479388448,5.67983887854765,5.84689296321081,6.01394704787398,6.18100113253715,6.34805521720031,6.51510930186348,6.68216338652665,32.3692348600126,33.1587283931836,33.9482219263546,34.7377154595257,35.5272089926967,36.3167025258677,37.1061960590388,37.8956895922098,38.6851831253809,39.4746766585519
1.27272727272727,2.27272727272727,4.54545454545454,6.81818181818181,9.09090909090909,11.3636363636363,13.6363636363636,15.9090909090909,18.1818181818181,20.4545454545454,22.7272727272727,1.78181818181818,1.94380165289256,2.10578512396694,2.26776859504132,2.4297520661157,2.59173553719008,2.75371900826446,2.91570247933884,3.07768595041322,3.2396694214876,20.0740121673327,21.0299175086343,21.9858228499358,22.9417281912374,23.8976335325389,24.8535388738405,25.8094442151421,26.7653495564436,27.7212548977452,28.6771602390467,7.47602376132352,7.71718581814041,7.9583478749573,8.19950993177419,8.44067198859108,8.68183404540797,8.92299610222485,9.16415815904174,9.40532021585863,9.64648227267552,31.7860213247331,32.5612901375315,33.3365589503298,34.1118277631282,34.8870965759266,35.6623653887249,36.4376342015233,37.2129030143217,37.9881718271201,38.7634406399184
1.36363636363636,2.36363636363636,4.72727272727272,7.09090909090909,9.45454545454545,11.8181818181818,14.1818181818181,16.5454545454545,18.9090909090909,21.2727272727272,23.6363636363636,2.04545454545454,2.23140495867768,2.41735537190082,2.60330578512396,2.7892561983471,2.97520661157024,3.16115702479338,3.34710743801652,3.53305785123966,3.71900826446281,20.5509990718421,21.5296180752632,22.5082370786842,23.4868560821053,24.4654750855263,25.4440940889474,26.4227130923684,27.4013320957895,28.3799510992105,29.3585701026316,9.61480277741902,9.92495770572286,10.2351126340267,10.5452675623305,10.8554224906343,11.1655774189382,11.475732347242,11.7858872755459,12.0960422038497,12.4061971321535,31.2133158545718,31.9746162412686,32.7359166279655,33.4972170146624,34.2585174013593,35.0198177880561,35.781118174753,36.5424185614499,37.3037189481468,38.0650193348436
1.45454545454545,2.45454545454545,4.9090909090909,7.36363636363636,9.81818181818181,12.2727272727272,14.7272727272727,17.1818181818181,19.6363636363636,22.090909090909,24.5454545454545,2.32727272727272,2.53884297520661,2.75041322314049,2.96198347107438,3.17355371900826,3.38512396694214,3.59669421487603,3.80826446280991,4.0198347107438,4.23140495867768,20.8582599483375,21.8515104220678,22.8447608957982,23.8380113695285,24.8312618432589,25.8245123169893,26.8177627907196,27.81101326445,28.8042637381803,29.7975142119107,11.6154969326837,11.9901903821251,12.3648838315665,12.7395772810079,13.1142707304493,13.4889641798907,13.8636576293321,14.2383510787736,14.613044528215,14.9877379776564,30.6509291201906,31.3985127572684,32.1460963943463,32.8936800314241,33.6412636685019,34.3888473055797,35.1364309426576,35.8840145797354,36.6315982168132,37.379181853891
1.54545454545454,2.54545454545454,5.09090909090909,7.63636363636363,10.1818181818181,12.7272727272727,15.2727272727272,17.8181818181818,20.3636363636363,22.9090909090909,25.4545454545454,2.62727272727272,2.86611570247933,3.10495867768595,3.34380165289256,3.58264462809917,3.82148760330578,4.06033057851239,4.299173553719,4.53801652892562,4.77685950413223,20.9932571991113,21.9929361133547,22.9926150275981,23.9922939418415,24.9919728560849,25.9916517703283,26.9913306845717,27.9910095988151,28.9906885130585,29.9903674273019,13.4948602089932,13.930178280251,14.3654963515089,14.8008144227667,15.2361324940245,15.6714505652824,16.1067686365402,16.5420867077981,16.9774047790559,17.4127228503138,30.098675203498,30.8327892328516,31.5669032622052,32.3010172915588,33.0351313209124,33.769245350266,34.5033593796196,35.2374734089732,35.9715874383269,36.7057014676805
1.63636363636363,2.63636363636363,5.27272727272727,7.9090909090909,10.5454545454545,13.1818181818181,15.8181818181818,18.4545454545454,21.090909090909,23.7272727272727,26.3636363636363,2.94545454545454,3.21322314049586,3.48099173553718,3.74876033057851,4.01652892561983,4.28429752066115,4.55206611570247,4.8198347107438,5.08760330578512,5.35537190082644,20.954875912568,21.9527271464998,22.9505783804316,23.9484296143634,24.9462808482952,25.944132082227,26.9419833161589,27.9398345500907,28.9376857840225,29.9355370179543,15.2667710380316,15.7592475231294,16.2517240082272,16.744200493325,17.2366769784227,17.7291534635205,18.2216299486183,18.7141064337161,19.2065829188139,19.6990594039117,29.5563715361862,30.2772586468249,30.9981457574636,31.7190328681023,32.439919978741,33.1608070893797,33.8816942000184,34.6025813106571,35.3234684212957,36.0443555319344
1.72727272727272,2.72727272727272,5.45454545454545,8.18181818181818,10.9090909090909,13.6363636363636,16.3636363636363,19.090909090909,21.8181818181818,24.5454545454545,27.2727272727272,3.28181818181818,3.58016528925619,3.87851239669421,4.17685950413223,4.47520661157024,4.77355371900826,5.07190082644628,5.37024793388429,5.66859504132231,5.96694214876033,20.7434330710252,21.7312155982168,22.7189981254085,23.7067806526002,24.6945631797919,25.6823457069835,26.6701282341752,27.6579107613669,28.6456932885586,29.6334758157502,16.9428548974101,17.4893986037782,18.0359423101463,18.5824860165143,19.1290297228824,19.6755734292505,20.2221171356185,20.7686608419866,21.3152045483547,21.8617482547227,29.0238388393771,29.7317373476545,30.439635855932,31.1475343642095,31.855432872487,32.5633313807645,33.271229889042,33.9791283973195,34.687026905597,35.3949254138745
1.81818181818181,2.81818181818181,5.63636363636363,8.45454545454545,11.2727272727272,14.090909090909,16.9090909090909,19.7272727272727,22.5454545454545,25.3636363636363,28.1818181818181,3.63636363636363,3.96694214876033,4.29752066115702,4.62809917355372,4.95867768595041,5.2892561983471,5.6198347107438,5.95041322314049,6.28099173553719,6.61157024793388,20.3606749328287,21.3302308820111,22.2997868311934,23.2693427803757,24.238898729558,25.2084546787404,26.1780106279227,27.147566577105,28.1171225262873,29.0866784754697,18.5329470234242,19.1307840241798,19.7286210249354,20.326458025691,20.9242950264467,21.5221320272023,22.1199690279579,22.7178060287135,23.3156430294692,23.9134800302248,28.500901064354,29.1960449927529,29.8911889211517,30.5863328495506,31.2814767779495,31.9766207063484,32.6717646347473,33.3669085631461,34.062052491545,34.7571964199439
1.9090909090909,2.9090909090909,5.81818181818181,8.72727272727272,11.6363636363636,14.5454545454545,17.4545454545454,20.3636363636363,23.2727272727272,26.1818181818181,29.090909090909,4.00909090909091,4.37355371900826,4.73801652892562,5.10247933884297,5.46694214876033,5.83140495867768,6.19586776859504,6.56033057851239,6.92479338842975,7.2892561983471,19.8097626104025,20.7530846394693,21.6964066685361,22.6397286976029,23.5830507266697,24.5263727557364,25.4696947848032,26.41301681387,27.3563388429368,28.2996608720036,20.0454421126766,20.6920692776016,21.3386964425267,21.9853236074517,22.6319507723768,23.2785779373018,23.9252051022269,24.5718322671519,25.218459432077,25.865086597002,27.9873853343629,28.6700044888596,29.3526236433562,30.0352427978529,30.7178619523495,31.4004811068462,32.0831002613429,32.7657194158395,33.4483385703362,34.1309577248328
2,3,6,9,12,15,18,21,24,27,30,4.4,4.8,5.2,5.6,6,6.4,6.8,7.2,7.6,8,19.0952459633393,20.0045433901649,20.9138408169906,21.8231382438163,22.732435670642,23.6417330974677,24.5510305242934,25.460327951119,26.3696253779447,27.2789228047704,21.4875625973583,22.1807097779182,22.8738569584781,23.5670041390381,24.260151319598,24.953298500158,25.6464456807179,26.3395928612779,27.0327400418378,27.7258872223978,27.4831218874612,28.1534419334968,28.8237619795324,29.4940820255681,30.1644020716037,30.8347221176394,31.505042163675,32.1753622097106,32.8456822557463,33.5160023017819
2.09090909090909,3.09090909090909,6.18181818181818,9.27272727272727,12.3636363636363,15.4545454545454,18.5454545454545,21.6363636363636,24.7272727272727,27.8181818181818,30.9090909090909,4.8090909090909,5.24628099173553,5.68347107438016,6.12066115702479,6.55785123966942,6.99504132231404,7.43223140495867,7.8694214876033,8.30661157024793,8.74380165289256,18.2230260221452,19.0907891660569,19.9585523099686,20.8263154538803,21.694078597792,22.5618417417036,23.4296048856153,24.297368029527,25.1651311734387,26.0328943173504,22.8655672370541,23.6031661801849,24.3407651233157,25.0783640664464,25.8159630095772,26.553561952708,27.2911608958388,28.0287598389696,28.7663587821003,29.5039577252311,26.9879440203963,27.6461865574791,28.304429094562,28.9626716316448,29.6209141687277,30.2791567058105,30.9373992428933,31.5956417799762,32.253884317059,32.9121268541418
2.18181818181818,3.18181818181818,6.36363636363636,9.54545454545454,12.7272727272727,15.9090909090909,19.090909090909,22.2727272727272,25.4545454545454,28.6363636363636,31.8181818181818,5.23636363636363,5.71239669421487,6.18842975206611,6.66446280991735,7.14049586776859,7.61652892561983,8.09256198347107,8.56859504132231,9.04462809917355,9.52066115702479,17.2003062529709,18.0193684554934,18.8384306580158,19.6574928605382,20.4765550630606,21.2956172655831,22.1146794681055,22.9337416706279,23.7528038731504,24.5718660756728,24.1849152840368,24.9650738415864,25.7452323991359,26.5253909566855,27.3055495142351,28.0857080717846,28.8658666293342,29.6460251868838,30.4261837444334,31.206342301983,26.5016880334961,27.1480706684594,27.7944533034228,28.4408359383861,29.0872185733494,29.7336012083127,30.3799838432761,31.0263664782394,31.6727491132027,32.319131748166
2.27272727272727,3.27272727272727,6.54545454545454,9.81818181818181,13.090909090909,16.3636363636363,19.6363636363636,22.9090909090909,26.1818181818181,29.4545454545454,32.7272727272727,5.68181818181818,6.19834710743801,6.71487603305784,7.23140495867768,7.74793388429751,8.26446280991735,8.78099173553718,9.29752066115702,9.81404958677685,10.3305785123966,16.0355330658223,16.7991298784806,17.5627266911388,18.326323503797,19.0899203164552,19.8535171291134,20.6171139417716,21.3807107544298,22.144307567088,22.9079043797462,25.4503971141647,26.2713776662345,27.0923582183043,27.9133387703742,28.734319322444,29.5552998745138,30.3762804265837,31.1972609786535,32.0182415307233,32.8392220827932,26.0241931765515,26.6589295954918,27.2936660144321,27.9284024333724,28.5631388523126,29.1978752712529,29.8326116901932,30.4673481091335,31.1020845280738,31.736820947014
2.36363636363636,3.36363636363636,6.72727272727272,10.090909090909,13.4545454545454,16.8181818181818,20.1818181818181,23.5454545454545,26.9090909090909,30.2727272727272,33.6363636363636,6.14545454545454,6.70413223140496,7.26280991735537,7.82148760330578,8.3801652892562,8.93884297520661,9.49752066115702,10.0561983471074,10.6148760330578,11.1735537190082,14.7383260575814,15.4401511079424,16.1419761583034,16.8438012086645,17.5456262590255,18.2474513093865,18.9492763597475,19.6511014101085,20.3529264604696,21.0547515108306,26.6662392219164,27.5264404871395,28.3866417523626,29.2468430175857,30.1070442828089,30.967245548032,31.8274468132551,32.6876480784782,33.5478493437013,34.4080506089244,25.5553015956744,26.1786016345933,26.8019016735122,27.4252017124311,28.04850175135,28.6718017902689,29.2951018291878,29.9184018681067,30.5417019070256,31.1650019459445
2.45454545454545,3.45454545454545,6.9090909090909,10.3636363636363,13.8181818181818,17.2727272727272,20.7272727272727,24.1818181818181,27.6363636363636,31.090909090909,34.5454545454545,6.62727272727272,7.2297520661157,7.83223140495867,8.43471074380165,9.03719008264462,9.6396694214876,10.2421487603305,10.8446280991735,11.4471074380165,12.0495867768595,13.3193985659428,13.9536556405115,14.5879127150802,15.2221697896489,15.8564268642177,16.4906839387864,17.1249410133551,17.7591980879238,18.3934551624925,19.0277122370612,27.8361893893847,28.7341309825906,29.6320725757966,30.5300141690025,31.4279557622085,32.3258973554145,33.2238389486204,34.1217805418264,35.0197221350323,35.9176637282383,25.0948582811135,25.706927995287,26.3189977094605,26.931067423634,27.5431371378075,28.155206851981,28.7672765661545,29.379346280328,29.9914159945015,30.603485708675
2.54545454545454,3.54545454545454,7.09090909090909,10.6363636363636,14.1818181818181,17.7272727272727,21.2727272727272,24.8181818181818,28.3636363636363,31.9090909090909,35.4545454545454,7.12727272727272,7.77520661157024,8.42314049586776,9.07107438016528,9.71900826446281,10.3669421487603,11.0148760330578,11.6628099173553,12.3107438016528,12.9586776859504,11.7904691903943,12.3519201042227,12.913371018051,13.4748219318793,14.0362728457076,14.5977237595359,15.1591746733642,15.7206255871925,16.2820765010208,16.8435274148491,28.9635863586818,29.8978955960586,30.8322048334355,31.7665140708123,32.7008233081891,33.635132545566,34.5694417829428,35.5037510203196,36.4380602576965,37.3723694950733,24.6427110160095,25.2437527481073,25.8447944802051,26.4458362123028,27.0468779444006,27.6479196764984,28.2489614085962,28.850003140694,29.4510448727918,30.0520866048896
2.63636363636363,3.63636363636363,7.27272727272727,10.9090909090909,14.5454545454545,18.1818181818181,21.8181818181818,25.4545454545454,29.090909090909,32.7272727272727,36.3636363636363,7.64545454545454,8.34049586776859,9.03553719008264,9.73057851239669,10.4256198347107,11.1206611570247,11.8157024793388,12.5107438016528,13.2057851239669,13.9008264462809,10.1641650109684,10.6481728686335,11.1321807262987,11.6161885839639,12.100196441629,12.5842042992942,13.0682121569593,13.5522200146245,14.0362278722897,14.5202357299548,30.0514172728312,31.0208178300193,31.9902183872074,32.9596189443955,33.9290195015836,34.8984200587717,35.8678206159598,36.8372211731479,37.806621730336,38.7760222875241,24.1987103260744,24.7889227730518,25.3791352200292,25.9693476670066,26.5595601139841,27.1497725609615,27.7399850079389,28.3301974549163,28.9204099018938,29.5106223488712
2.72727272727272,3.72727272727272,7.45454545454545,11.1818181818181,14.9090909090909,18.6363636363636,22.3636363636363,26.090909090909,29.8181818181818,33.5454545454545,37.2727272727272,8.18181818181818,8.92561983471074,9.6694214876033,10.4132231404958,11.1570247933884,11.9008264462809,12.6446280991735,13.3884297520661,14.1322314049586,14.8760330578512,8.45391730405942,8.85648479472891,9.25905228539841,9.6616197760679,10.0641872667374,10.4667547574069,10.8693222480763,11.2718897387458,11.6744572294153,12.0770247200848,31.1023653747773,32.1056674836411,33.1089695925049,34.1122717013686,35.1155738102324,36.1188759190962,37.12217802796,38.1254801368238,39.1287822456876,40.1320843545514,23.7627094301771,24.3422877089619,24.9218659877468,25.5014442665316,26.0810225453164,26.6606008241012,27.240179102886,27.8197573816708,28.3993356604556,28.9789139392404
2.81818181818181,3.81818181818181,7.63636363636363,11.4545454545454,15.2727272727272,19.090909090909,22.9090909090909,26.7272727272727,30.5454545454545,34.3636363636363,38.1818181818181,8.73636363636363,9.53057851239669,10.3247933884297,11.1190082644628,11.9132231404958,12.7074380165289,13.5016528925619,14.295867768595,15.0900826446281,15.8842975206611,6.6738506165665,6.99165302687919,7.30945543719188,7.62725784750457,7.94506025781726,8.26286266812996,8.58066507844265,8.89846748875534,9.21626989906803,9.53407230938072,32.11884988229,33.1549418139768,34.1910337456636,35.2271256773503,36.2632176090371,37.2993095407239,38.3354014724107,39.3714934040974,40.4075853357842,41.443677267471,23.3345641918196,23.9036999038152,24.4728356158108,25.0419713278064,25.611107039802,26.1802427517976,26.7493784637932,27.3185141757888,27.8876498877844,28.45678559978
2.9090909090909,3.9090909090909,7.81818181818181,11.7272727272727,15.6363636363636,19.5454545454545,23.4545454545454,27.3636363636363,31.2727272727272,35.1818181818181,39.090909090909,9.30909090909091,10.1553719008264,11.0016528925619,11.8479338842975,12.694214876033,13.5404958677685,14.3867768595041,15.2330578512396,16.0793388429752,16.9256198347107,4.83866611447251,5.06907878659025,5.29949145870798,5.52990413082572,5.76031680294346,5.9907294750612,6.22114214717894,6.45155481929668,6.68196749141442,6.91238016353216,33.103059530042,34.1709001600433,35.2387407900447,36.3065814200461,37.3744220500474,38.4422626800488,39.5101033100501,40.5779439400515,41.6457845700528,42.7136252000542,22.9141330714866,23.4730143659131,24.0318956603396,24.5907769547661,25.1496582491926,25.7085395436191,26.2674208380456,26.8263021324721,27.3851834268986,27.9440647213251
3,4,8,12,16,20,24,28,32,36,40,9.9,10.7999999999999,11.7,12.6,13.5,14.4,15.2999999999999,16.2,17.0999999999999,18,2.96352016925721,3.10464017731707,3.24576018537694,3.38688019343681,3.52800020149668,3.66912020955654,3.81024021761641,3.95136022567628,4.09248023373614,4.23360024179601,34.0569809487114,35.1555932373795,36.2542055260476,37.3528178147157,38.4514301033838,39.5500423920519,40.64865468072,41.7472669693881,42.8458792580562,43.9444915467243,22.501277079855,23.0500887159491,23.5989003520431,24.1477119881371,24.6965236242311,25.2453352603252,25.7941468964192,26.3429585325132,26.8917701686072,27.4405818047013
3.09090909090909,4.09090909090909,8.18181818181818,12.2727272727272,16.3636363636363,20.4545454545454,24.5454545454545,28.6363636363636,32.7272727272727,36.8181818181818,40.9090909090909,10.5090909090909,11.4644628099173,12.4198347107438,13.3752066115702,14.3305785123966,15.2859504132231,16.2413223140495,17.196694214876,18.1520661157024,19.1074380165289,1.06389918487183,1.11456105081811,1.16522291676439,1.21588478271067,1.26654664865694,1.31720851460322,1.3678703805495,1.41853224649578,1.46919411244206,1.51985597838833,34.9824228063515,36.1108880581693,37.2393533099871,38.3678185618048,39.4962838136226,40.6247490654404,41.7532143172582,42.881679569076,44.0101448208938,45.1386100727116,22.0958597318455,22.6347831399393,23.1737065480331,23.7126299561269,24.2515533642207,24.7904767723144,25.3294001804082,25.868323588502,26.4072469965958,26.9461704046896
3.18181818181818,4.18181818181818,8.36363636363636,12.5454545454545,16.7272727272727,20.9090909090909,25.090909090909,29.2727272727272,33.4545454545454,37.6363636363636,41.8181818181818,11.1363636363636,12.1487603305785,13.1611570247933,14.1735537190082,15.1859504132231,16.198347107438,17.2107438016528,18.2231404958677,19.2355371900826,20.2479338842975,-0.84450830094952,-0.884722981947117,-0.924937662944713,-0.965152343942309,-1.0053670249399,-1.0455817059375,-1.08579638693509,-1.12601106793269,-1.16622574893029,-1.20644042992788,35.8810364494223,37.0384892381133,38.1959420268044,39.3533948154954,40.5108476041865,41.6683003928775,42.8257531815685,43.9832059702596,45.1406587589506,46.2981115476417,21.697747001502,22.2269603430021,22.7561736845021,23.2853870260022,23.8146003675022,24.3438137090023,24.8730270505023,25.4022403920024,25.9314537335024,26.4606670750025
3.27272727272727,4.27272727272727,8.54545454545454,12.8181818181818,17.090909090909,21.3636363636363,25.6363636363636,29.9090909090909,34.1818181818181,38.4545454545454,42.7272727272727,11.7818181818181,12.8528925619834,13.9239669421487,14.995041322314,16.0661157024793,17.1371900826446,18.2082644628099,19.2793388429752,20.3504132231405,21.4214876033057,-2.74594118475548,-2.87670028879146,-3.00745939282743,-3.13821849686341,-3.26897760089938,-3.39973670493536,-3.53049580897133,-3.66125491300731,-3.79201401704328,-3.92277312107926,36.7543336353899,37.9399573010476,39.1255809667054,40.3112046323631,41.4968282980208,42.6824519636786,43.8680756293363,45.0536992949941,46.2393229606518,47.4249466263095,21.3068072776849,21.8264855039699,22.3461637302549,22.8658419565399,23.3855201828249,23.9051984091099,24.4248766353949,24.9445548616799,25.4642330879649,25.9839113142499
3.36363636363636,4.36363636363636,8.72727272727272,13.090909090909,17.4545454545454,21.8181818181818,26.1818181818181,30.5454545454545,34.9090909090909,39.2727272727272,43.6363636363636,12.4454545454545,13.5768595041322,14.7082644628099,15.8396694214876,16.9710743801652,18.1024793388429,19.2338842975206,20.3652892561983,21.496694214876,22.6280991735537,-4.62469596474666,-4.84491958211554,-5.06514319948443,-5.28536681685332,-5.50559043422221,-5.7258140515911,-5.94603766895999,-6.16626128632888,-6.38648490369776,-6.60670852106665,37.6037018352214,38.8167244750673,40.0297471149131,41.242769754759,42.4557923946048,43.6688150344507,44.8818376742965,46.0948603141424,47.3078829539883,48.5209055938341,20.9229113205615,21.4332262308191,21.9435411410767,22.4538560513343,22.9641709615919,23.4744858718495,23.9848007821071,24.4951156923647,25.0054306026223,25.5157455128799
3.45454545454545,4.45454545454545,8.90909090909091,13.3636363636363,17.8181818181818,22.2727272727272,26.7272727272727,31.1818181818181,35.6363636363636,40.090909090909,44.5454545454545,13.1272727272727,14.3206611570247,15.5140495867768,16.7074380165289,17.9008264462809,19.094214876033,20.2876033057851,21.4809917355371,22.6743801652892,23.8677685950413,-6.46525643242606,-6.77312578635111,-7.08099514027616,-7.38886449420121,-7.69673384812626,-8.00460320205131,-8.31247255597636,-8.62034190990141,-8.92821126382646,-9.23608061775151,38.4304174947684,39.6701083816964,40.9097992686245,42.1494901555525,43.3891810424805,44.6288719294085,45.8685628163365,47.1082537032645,48.3479445901925,49.5876354771206,20.5459322188813,21.0470525169028,21.5481728149243,22.0492931129458,22.5504134109673,23.0515337089888,23.5526540070103,24.0537743050318,24.5548946030532,25.0560149010747
3.54545454545454,4.54545454545454,9.09090909090909,13.6363636363636,18.1818181818181,22.7272727272727,27.2727272727272,31.8181818181818,36.3636363636363,40.9090909090909,45.4545454545454,13.8272727272727,15.0842975206611,16.3413223140495,17.598347107438,18.8553719008264,20.1123966942148,21.3694214876033,22.6264462809917,23.8834710743801,25.1404958677685,-8.25242181743664,-8.64539428493362,-9.03836675243061,-9.43133921992759,-9.82431168742457,-10.2172841549215,-10.6102566224185,-11.0032290899155,-11.3962015574125,-11.7891740249094,39.2356575732695,40.5013239466008,41.7669903199321,43.0326566932633,44.2983230665946,45.5639894399259,46.8296558132572,48.0953221865884,49.3609885599197,50.626654933251,20.1757453480205,20.6678366979722,21.1599280479239,21.6520193978757,22.1441107478274,22.6362020977791,23.1282934477308,23.6203847976825,24.1124761476343,24.604567497586
3.63636363636363,4.63636363636363,9.27272727272727,13.9090909090909,18.5454545454545,23.1818181818181,27.8181818181818,32.4545454545454,37.090909090909,41.7272727272727,46.3636363636363,14.5454545454545,15.8677685950413,17.1900826446281,18.5123966942148,19.8347107438016,21.1570247933884,22.4793388429752,23.8016528925619,25.1239669421487,26.4462809917355,-9.97143232726703,-10.4462624380892,-10.9210925489115,-11.3959226597337,-11.8707527705559,-12.3455828813782,-12.8204129922004,-13.2952431030227,-13.7700732138449,-14.2449033246671,40.0205096207825,41.3114938020981,42.6024779834136,43.8934621647292,45.1844463460448,46.4754305273603,47.7664147086759,49.0573988899915,50.348383071307,51.6393672526226,19.8122283287828,20.2954534099726,20.7786784911624,21.2619035723523,21.7451286535421,22.2283537347319,22.7115788159217,23.1948038971116,23.6780289783014,24.1612540594912
3.72727272727272,4.72727272727272,9.45454545454545,14.1818181818181,18.9090909090909,23.6363636363636,28.3636363636363,33.090909090909,37.8181818181818,42.5454545454545,47.2727272727272,15.2818181818181,16.6710743801652,18.0603305785124,19.4495867768595,20.8388429752066,22.2280991735537,23.6173553719008,25.0066115702479,26.395867768595,27.7851239669421,-11.6080910450214,-12.1608572852605,-12.7136235254996,-13.2663897657388,-13.8191560059779,-14.371922246217,-14.9246884864561,-15.4774547266952,-16.0302209669343,-16.5829872071735,40.785980611084,42.1016574049899,43.4173341988959,44.7330109928018,46.0486877867078,47.3643645806137,48.6800413745196,49.9957181684256,51.3113949623315,52.6270717562374,19.4552609869422,19.9297795475993,20.4042981082564,20.8788166689136,21.3533352295707,21.8278537902278,22.3023723508849,22.7768909115421,23.2514094721992,23.7259280328563
3.81818181818181,4.81818181818181,9.63636363636363,14.4545454545454,19.2727272727272,24.090909090909,28.9090909090909,33.7272727272727,38.5454545454545,43.3636363636363,48.1818181818181,16.0363636363636,17.494214876033,18.9520661157024,20.4099173553719,21.8677685950413,23.3256198347107,24.7834710743801,26.2413223140495,27.699173553719,29.1570247933884,-13.148881178528,-13.7750183775055,-14.401155576483,-15.0272927754605,-15.6534299744381,-16.2795671734156,-16.9057043723931,-17.5318415713706,-18.1579787703482,-18.7841159693257,41.5330047100349,42.8727790555199,44.2125534010049,45.5523277464899,46.8921020919749,48.2318764374599,49.5716507829449,50.9114251284299,52.2511994739149,53.5909738193999,19.1047253135149,19.5706942236007,20.0366631336864,20.5026320437721,20.9686009538579,21.4345698639436,21.9005387740293,22.3665076841151,22.8324765942008,23.2984455042865
3.9090909090909,4.9090909090909,9.81818181818181,14.7272727272727,19.6363636363636,24.5454545454545,29.4545454545454,34.3636363636363,39.2727272727272,44.1818181818181,49.090909090909,16.8090909090909,18.3371900826446,19.8652892561983,21.393388429752,22.9214876033057,24.4495867768595,25.9776859504132,27.5057851239669,29.0338842975206,30.5619834710743,-14.5810776924514,-15.2754147254253,-15.9697517583992,-16.6640887913731,-17.358425824347,-18.0527628573208,-18.7470998902947,-19.4414369232686,-20.1357739562425,-20.8301109892164,42.2624501297509,43.6257549726461,44.9890598155413,46.3523646584365,47.7156695013317,49.0789743442269,50.4422791871221,51.8055840300172,53.1688888729124,54.5321937158076,18.7605054257473,19.2180787288143,19.6756520318813,20.1332253349483,20.5907986380153,21.0483719410823,21.5059452441494,21.9635185472164,22.4210918502834,22.8786651533504
4,5,10,15,20,25,30,35,40,45,50,17.6,19.2,20.8,22.4,24,25.6,27.2,28.8,30.4,32,-15.8928524014664,-16.6496548967744,-17.4064573920823,-18.1632598873902,-18.9200623826982,-19.6768648780061,-20.433667373314,-21.1904698686219,-21.9472723639299,-22.7040748592378,42.9751251947166,44.3614195558365,45.7477139169563,47.1340082780762,48.5203026391961,49.906597000316,51.2928913614359,52.6791857225558,54.0654800836757,55.4517744447956,18.422487528806,18.8718164929233,19.3211454570405,19.7704744211577,20.2198033852749,20.6691323493921,21.1184613135094,21.5677902776266,22.0171192417438,22.466448205861
4.09090909090909,5.09090909090909,10.1818181818181,15.2727272727272,20.3636363636363,25.4545454545454,30.5454545454545,35.6363636363636,40.7272727272727,45.8181818181818,50.9090909090909,18.4090909090909,20.0826446280991,21.7561983471074,23.4297520661157,25.1033057851239,26.7768595041322,28.4504132231404,30.1239669421487,31.797520661157,33.4710743801652,-17.0733716565503,-17.8863893544812,-18.6994070524122,-19.5124247503432,-20.3254424482741,-21.1384601462051,-21.9514778441361,-22.764495542067,-23.577513239998,-24.390530937929,43.6717837261304,45.0805509431023,46.4893181600743,47.8980853770462,49.3068525940182,50.7156198109901,52.1243870279621,53.533154244934,54.941921461906,56.3506886788779,18.0905598781593,18.5317930459193,18.9730262136793,19.4142593814392,19.8554925491992,20.2967257169592,20.7379588847192,21.1791920524792,21.6204252202392,22.0616583879992
4.18181818181818,5.18181818181818,10.3636363636363,15.5454545454545,20.7272727272727,25.9090909090909,31.090909090909,36.2727272727272,41.4545454545454,46.6363636363636,51.8181818181818,19.2363636363636,20.9851239669421,22.7338842975206,24.4826446280991,26.2314049586776,27.9801652892561,29.7289256198347,31.4776859504132,33.2264462809917,34.9752066115702,-18.1128858176266,-18.9754041898945,-19.8379225621624,-20.7004409344304,-21.5629593066983,-22.4254776789662,-23.2879960512342,-24.1505144235021,-25.01303279577,-25.875551168038,44.3531298344124,45.7838759581031,47.2146220817939,48.6453682054846,50.0761143291753,51.506860452866,52.9376065765568,54.3683527002475,55.7990988239382,57.2298449476289,17.7646127426353,18.1978959802605,18.6311792178858,19.064462455511,19.4977456931363,19.9310289307615,20.3643121683868,20.797595406012,21.2308786436373,21.6641618812625
4.27272727272727,5.27272727272727,10.5454545454545,15.8181818181818,21.090909090909,26.3636363636363,31.6363636363636,36.9090909090909,42.1818181818181,47.4545454545454,52.7272727272727,20.0818181818181,21.9074380165289,23.7330578512396,25.5586776859504,27.3842975206611,29.2099173553719,31.0355371900826,32.8611570247934,34.6867768595041,36.5123966942148,-19.0028097736257,-19.9077054771317,-20.8126011806377,-21.7174968841437,-22.6223925876497,-23.5272882911556,-24.4321839946616,-25.3370796981676,-26.2419754016736,-27.1468711051796,45.0198221962623,46.472074525174,47.9243268540857,49.3765791829973,50.828831511909,52.2810838408207,53.7333361697324,55.1855884986441,56.6378408275558,58.0900931564675,17.4445383681464,17.8700149137109,18.2954914592755,18.72096800484,19.1464445504045,19.5719210959691,19.9973976415336,20.4228741870982,20.8483507326627,21.2738272782273
4.36363636363636,5.36363636363636,10.7272727272727,16.090909090909,21.4545454545454,26.8181818181818,32.1818181818181,37.5454545454545,42.9090909090909,48.2727272727272,53.6363636363636,20.9454545454545,22.8495867768595,24.7537190082644,26.6578512396694,28.5619834710743,30.4661157024793,32.3702479338842,34.2743801652892,36.1785123966942,38.0826446280991,-19.7357938449648,-20.6755935518679,-21.615393258771,-22.5551929656741,-23.4949926725771,-24.4347923794802,-25.3745920863833,-26.3143917932864,-27.2541915001895,-28.1939912070926,45.6724778813951,47.1457836195046,48.6190893576141,50.0923950957236,51.5657008338332,53.0390065719427,54.5123123100522,55.9856180481617,57.4589237862712,58.9322295243808,17.1302309420671,17.5480414528493,17.9658519636314,18.3836624744135,18.8014729851956,19.2192834959778,19.6370940067599,20.054904517542,20.4727150283241,20.8905255391063
4.45454545454545,5.45454545454545,10.9090909090909,16.3636363636363,21.8181818181818,27.2727272727272,32.7272727272727,38.1818181818181,43.6363636363636,49.090909090909,54.5454545454545,21.8272727272727,23.8115702479338,25.795867768595,27.7801652892562,29.7644628099173,31.7487603305785,33.7330578512396,35.7173553719008,37.7016528925619,39.6859504132231,-20.3057844828801,-21.2727266011125,-22.2396687193448,-23.2066108375772,-24.1735529558096,-25.140495074042,-26.1074371922744,-27.0743793105068,-28.0413214287392,-29.0082635469715,46.3116757846799,47.8056008099922,49.2995258353044,50.7934508606167,52.2873758859289,53.7813009112412,55.2752259365534,56.7691509618657,58.2630759871779,59.7570010124902,16.8215865582538,17.2318691572356,17.6421517562174,18.0524343551992,18.462716954181,18.8729995531628,19.2832821521446,19.6935647511264,20.1038473501082,20.51412994909
4.54545454545454,5.54545454545454,11.090909090909,16.6363636363636,22.1818181818181,27.7272727272727,33.2727272727272,38.8181818181818,44.3636363636363,49.9090909090909,55.4545454545454,22.7272727272727,24.793388429752,26.8595041322313,28.9256198347107,30.99173553719,33.0578512396694,35.1239669421487,37.190082644628,39.2561983471074,41.3223140495867,-20.7080742643095,-21.6941730388004,-22.6802718132913,-23.6663705877823,-24.6524693622732,-25.6385681367641,-26.6246669112551,-27.610765685746,-28.5968644602369,-29.5829632347278,46.937959711523,48.4520874441528,49.9662151767825,51.4803429094123,52.9944706420421,54.5085983746719,56.0227261073016,57.5368538399314,59.0509815725612,60.565109305191,16.5185031826944,16.9213935042235,17.3242838257527,17.7271741472818,18.1300644688109,18.5329547903401,18.9358451118692,19.3387354333983,19.7416257549275,20.1445160764566
4.63636363636363,5.63636363636363,11.2727272727272,16.9090909090909,22.5454545454545,28.1818181818181,33.8181818181818,39.4545454545454,45.090909090909,50.7272727272727,56.3636363636363,23.6454545454545,25.795041322314,27.9446280991735,30.094214876033,32.2438016528925,34.393388429752,36.5429752066115,38.692561983471,40.8421487603305,42.99173553719,-20.9393407694294,-21.9364522346403,-22.9335636998512,-23.9306751650621,-24.927786630273,-25.924898095484,-26.9220095606949,-27.9191210259058,-28.9162324911167,-29.9133439563277,47.5518411577046,49.0857715176305,50.6197018775565,52.1536322374824,53.6875625974084,55.2214929573343,56.7554233172603,58.2893536771863,59.8232840371122,61.3572143970382,16.2208806197773,16.616511854406,17.0121430890347,17.4077743236634,17.8034055582921,18.1990367929208,18.5946680275495,18.9902992621783,19.385930496807,19.7815617314357
4.72727272727272,5.72727272727272,11.4545454545454,17.1818181818181,22.9090909090909,28.6363636363636,34.3636363636363,40.090909090909,45.8181818181818,51.5454545454545,57.2727272727272,24.5818181818181,26.8165289256198,29.0512396694214,31.2859504132231,33.5206611570248,35.7553719008264,37.9900826446281,40.2247933884297,42.4595041322314,44.694214876033,-20.9976740207642,-21.9975632598482,-22.9974524989322,-23.9973417380162,-24.9972309771002,-25.9971202161842,-26.9970094552682,-27.9968986943522,-28.9967879334362,-29.9966771725203,48.1538018192747,49.7071502650578,51.2604987108408,52.8138471566239,54.3671956024069,55.92054404819,57.4738924939731,59.0272409397561,60.5805893855392,62.1339378313222,15.9286204791678,16.3171234176841,16.7056263562004,17.0941292947167,17.482632233233,17.8711351717493,18.2596381102656,18.6481410487819,19.0366439872982,19.4251469258145
4.81818181818181,5.81818181818181,11.6363636363636,17.4545454545454,23.2727272727272,29.090909090909,34.9090909090909,40.7272727272727,46.5454545454545,52.3636363636363,58.1818181818181,25.5363636363636,27.8578512396694,30.1793388429752,32.5008264462809,34.8223140495867,37.1438016528925,39.4652892561983,41.7867768595041,44.1082644628099,46.4297520661157,-20.8825922572562,-21.8770014123636,-22.8714105674711,-23.8658197225785,-24.860228877686,-25.8546380327934,-26.8490471879008,-27.8434563430083,-28.8378654981157,-29.8322746532232,48.7442958633662,50.31669250412,51.8890891448737,53.4614857856275,55.0338824263813,56.606279067135,58.1786757078888,59.7510723486425,61.3234689893963,62.89586563015,15.6416261432821,16.0231292199475,16.4046322966129,16.7861353732783,17.1676384499437,17.5491415266092,17.9306446032746,18.31214767994,18.6936507566054,19.0751538332708
4.9090909090909,5.9090909090909,11.8181818181818,17.7272727272727,23.6363636363636,29.5454545454545,35.4545454545454,41.3636363636363,47.2727272727272,53.1818181818181,59.090909090909,26.5090909090909,28.9190082644628,31.3289256198347,33.7388429752066,36.1487603305785,38.5586776859504,40.9685950413223,43.3785123966942,45.7884297520661,48.198347107438,-20.5950459130205,-21.5757623850691,-22.5564788571177,-23.5371953291663,-24.5179118012149,-25.4986282732635,-26.4793447453121,-27.4600612173607,-28.4407776894093,-29.4214941614579,49.323751986743,50.9148407605089,52.5059295342748,54.0970183080407,55.6881070818066,57.2791958555725,58.8702846293384,60.4613734031043,62.0524621768702,63.6435509506361,15.3598027353456,15.7344320703541,16.1090614053625,16.4836907403709,16.8583200753794,17.2329494103878,17.6075787453962,17.9822080804047,18.3568374154131,18.7314667504215
5,6,12,18,24,30,36,42,48,54,60,27.5,30,32.5,35,37.5,40,42.5,45,47.5,50,-20.1374097679259,-21.096334042589,-22.0552583172521,-23.0141825919153,-23.9731068665784,-24.9320311412416,-25.8909554159047,-26.8498796905678,-27.808803965231,-28.7677282398941,49.8925752854571,51.5020131978912,53.1114511103253,54.7208890227594,56.3303269351935,57.9397648476276,59.5492027600617,61.1586406724958,62.7680785849299,64.377516497364,15.0830570880291,15.4509365292005,15.818815970372,16.1866954115434,16.5545748527149,16.9224542938863,17.2903337350577,17.6582131762292,18.0260926174006,18.3939720585721
5.09090909090909,6.09090909090909,12.1818181818181,18.2727272727272,24.3636363636363,30.4545454545454,36.5454545454545,42.6363636363636,48.7272727272727,54.8181818181818,60.9090909090909,28.5090909090909,31.1008264462809,33.692561983471,36.2842975206611,38.8760330578512,41.4677685950413,44.0595041322314,46.6512396694214,49.2429752066115,51.8347107438016,-19.5134633348275,-20.4426758745812,-21.3718884143349,-22.3011009540886,-23.2303134938423,-24.159526033596,-25.0887385733497,-26.0179511131034,-26.9471636528571,-27.8763761926108,50.4511489560401,52.0786053739769,53.7060617919137,55.3335182098504,56.9609746277872,58.588431045724,60.2158874636608,61.8433438815975,63.4708002995343,65.0982567174711,14.8112977126477,15.1725488763708,15.5338000400939,15.895051203817,16.2563023675401,16.6175535312633,16.9788046949864,17.3400558587095,17.7013070224326,18.0625581861557
5.18181818181818,6.18181818181818,12.3636363636363,18.5454545454545,24.7272727272727,30.9090909090909,37.090909090909,43.2727272727272,49.4545454545454,55.6363636363636,61.8181818181818,29.5363636363636,32.2214876033057,34.9066115702479,37.59173553719,40.2768595041322,42.9619834710743,45.6471074380165,48.3322314049586,51.0173553719008,53.7024793388429,-18.7283596454304,-19.6201862952128,-20.5120129449952,-21.4038395947776,-22.29566624456,-23.1874928943424,-24.0793195441248,-24.9711461939072,-25.8629728436896,-26.754799493472,50.9998358461215,52.6449918411577,54.2901478361939,55.9353038312301,57.5804598262662,59.2256158213024,60.8707718163386,62.5159278113748,64.161083806411,65.8062398014471,14.5444347689165,14.8991770803535,15.2539193917904,15.6086617032274,15.9634040146644,16.3181463261014,16.6728886375384,17.0276309489754,17.3823732604124,17.7371155718494
5.27272727272727,6.27272727272727,12.5454545454545,18.8181818181818,25.090909090909,31.3636363636363,37.6363636363636,43.9090909090909,50.1818181818181,56.4545454545454,62.7272727272727,30.5818181818181,33.3619834710743,36.1421487603305,38.9223140495867,41.7024793388429,44.4826446280991,47.2628099173553,50.0429752066115,52.8231404958677,55.6033057851239,-17.7885826925717,-18.6356580588846,-19.4827334251976,-20.3298087915105,-21.1768841578235,-22.0239595241364,-22.8710348904493,-23.7181102567623,-24.5651856230752,-25.4122609893882,51.5389798701895,53.2015276079375,54.8640753456856,56.5266230834336,58.1891708211817,59.8517185589297,61.5142662966778,63.1768140344258,64.8393617721739,66.5019095099219,14.2823800352502,14.6307307678173,14.9790815003844,15.3274322329514,15.6757829655185,16.0241336980856,16.3724844306527,16.7208351632198,17.0691858957868,17.4175366283539
5.36363636363636,6.36363636363636,12.7272727272727,19.090909090909,25.4545454545454,31.8181818181818,38.1818181818181,44.5454545454545,50.9090909090909,57.2727272727272,63.6363636363636,31.6454545454545,34.5223140495867,37.399173553719,40.2760330578512,43.1528925619834,46.0297520661157,48.9066115702479,51.7834710743801,54.6603305785123,57.5371900826446,-16.7018938803988,-17.4972221604178,-18.2925504404368,-19.0878787204558,-19.8832070004748,-20.6785352804937,-21.4738635605127,-22.2691918405317,-23.0645201205507,-23.8598484005697,52.0689073043278,53.7485494754351,55.4281916465425,57.1078338176498,58.7874759887572,60.4671181598645,62.1467603309719,63.8264025020792,65.5060446731866,67.1856868442939,14.0250468795984,14.3671211937349,14.7091955078714,15.051269822008,15.3933441361445,15.7354184502811,16.0774927644176,16.4195670785542,16.7616413926907,17.1037157068273
5.45454545454545,6.45454545454545,12.9090909090909,19.3636363636363,25.8181818181818,32.2727272727272,38.7272727272727,45.1818181818181,51.6363636363636,58.090909090909,64.5454545454545,32.7272727272727,35.7024793388429,38.6776859504132,41.6528925619834,44.6280991735537,47.6033057851239,50.5785123966942,53.5537190082644,56.5289256198347,59.5041322314049,-15.4772679246971,-16.214280683016,-16.9512934413349,-17.6883061996539,-18.4253189579728,-19.1623317162917,-19.8993444746106,-20.6363572329295,-21.3733699912484,-22.1103827495673,52.5899279721356,54.2863772615593,55.9828265509831,57.6792758404068,59.3757251298305,61.0721744192542,62.768623708678,64.4650729981017,66.1615222875254,67.8579715769492,13.7723502308056,14.1082612120448,14.4441721932839,14.7800831745231,15.1159941557623,15.4519051370014,15.7878161182406,16.1237270994797,16.4596380807189,16.7955490619581
5.54545454545454,6.54545454545454,13.090909090909,19.6363636363636,26.1818181818181,32.7272727272727,39.2727272727272,45.8181818181818,52.3636363636363,58.9090909090909,65.4545454545454,33.8272727272727,36.9024793388429,39.9776859504132,43.0528925619834,46.1280991735537,49.2033057851239,52.2785123966942,55.3537190082644,58.4289256198347,61.5041322314049,-14.1248187327535,-14.7974291485989,-15.4700395644444,-16.1426499802898,-16.8152603961352,-17.4878708119806,-18.160481227826,-18.8330916436714,-19.5057020595168,-20.1783124753622,53.1023363326231,54.8153149239981,56.528293515373,58.2412721067479,59.9542506981229,61.6672292894978,63.3802078808728,65.0931864722477,66.8061650636226,68.5191436549976,13.5242065504884,13.8540652468418,14.1839239431952,14.5137826395486,14.8436413359019,15.1735000322553,15.5033587286087,15.8332174249621,16.1630761213154,16.4929348176688
5.63636363636363,6.63636363636363,13.2727272727272,19.9090909090909,26.5454545454545,33.1818181818181,39.8181818181818,46.4545454545454,53.090909090909,59.7272727272727,66.3636363636363,34.9454545454545,38.1223140495867,41.299173553719,44.4760330578512,47.6528925619834,50.8297520661157,54.0066115702479,57.1834710743801,60.3603305785124,63.5371900826446,-12.6557158748958,-13.2583690117956,-13.8610221486954,-14.4636752855952,-15.066328422495,-15.6689815593948,-16.2716346962946,-16.8742878331944,-17.4769409700942,-18.079594106994,53.6064124796483,55.335651591895,57.0648907041417,58.7941298163885,60.5233689286352,62.2526080408819,63.9818471531286,65.7110862653754,67.4403253776221,69.1695644898688,13.2805338054183,13.604449264087,13.9283647227557,14.2522801814245,14.5761956400932,14.900111098762,15.2240265574307,15.5479420160994,15.8718574747682,16.1957729334369
5.72727272727272,6.72727272727272,13.4545454545454,20.1818181818181,26.9090909090909,33.6363636363636,40.3636363636363,47.090909090909,53.8181818181818,60.5454545454545,67.2727272727272,36.0818181818181,39.3619834710743,42.6421487603305,45.9223140495867,49.2024793388429,52.4826446280991,55.7628099173553,59.0429752066115,62.3231404958677,65.6033057851239,-11.0820923375514,-11.6098110202919,-12.1375297030325,-12.665248385773,-13.1929670685135,-13.7206857512541,-14.2484044339946,-14.7761231167352,-15.3038417994757,-15.8315604822163,54.102423061388,55.8476625149811,57.5929019685743,59.3381414221675,61.0833808757606,62.8286203293538,64.573859782947,66.3190992365401,68.0643386901333,69.8095781437264,13.0412514404024,13.3593307438269,13.6774100472513,13.9954893506758,14.3135686541002,14.6316479575247,14.9497272609492,15.2678065643736,15.5858858677981,15.9039651712225
5.81818181818181,6.81818181818181,13.6363636363636,20.4545454545454,27.2727272727272,34.090909090909,40.9090909090909,47.7272727272727,54.5454545454545,61.3636363636363,68.1818181818181,37.2363636363636,40.6214876033057,44.0066115702479,47.39173553719,50.7768595041322,54.1619834710743,57.5471074380165,60.9322314049586,64.3173553719008,67.7024793388429,-9.4169443196714,-9.86537023965575,-10.3137961596401,-10.7622220796244,-11.2106479996088,-11.6590739195931,-12.1074998395775,-12.5559257595618,-13.0043516795462,-13.4527775995305,54.5906221274003,56.3516099379616,58.1125977485229,59.8735855590842,61.6345733696455,63.3955611802068,65.1565489907681,66.9175368013294,68.6785246118907,70.439512422452,12.8062803516536,13.1186286529134,13.4309769541733,13.7433252554331,14.0556735566929,14.3680218579528,14.6803701592126,14.9927184604725,15.3050667617323,15.6174150629922
5.9090909090909,6.9090909090909,13.8181818181818,20.7272727272727,27.6363636363636,34.5454545454545,41.4545454545454,48.3636363636363,55.2727272727272,62.1818181818181,69.0909090909091,38.4090909090909,41.9008264462809,45.392561983471,48.8842975206611,52.3760330578512,55.8677685950413,59.3595041322314,62.8512396694214,66.3429752066115,69.8347107438016,-7.67402390007896,-8.03945360960653,-8.4048833191341,-8.77031302866167,-9.13574273818924,-9.50117244771681,-9.86660215724438,-10.2320318667719,-10.5974615762995,-10.962891285827,55.0712519100152,56.8477439071125,58.6242359042098,60.400727901307,62.1772198984043,63.9537118955016,65.7302038925988,67.5066958896961,69.2831878867934,71.0596798838906,12.5755428606388,12.8822634182153,13.1889839757919,13.4957045333684,13.802425090945,14.1091456485216,14.4158662060981,14.7225867636747,15.0293073212512,15.3360278788278
6,7,14,21,28,35,42,49,56,63,70,39.6,43.1999999999999,46.8,50.4,54,57.6,61.1999999999999,64.8,68.3999999999999,72,-5.86772546217744,-6.14714096037636,-6.42655645857529,-6.70597195677422,-6.98538745497314,-7.26480295317207,-7.54421845137099,-7.82363394956992,-8.10304944776885,-8.38246494596777,55.5445435460697,57.3363030152977,59.1280624845258,60.9198219537538,62.7115814229819,64.5033408922099,66.295100361438,68.086859830666,69.8786192998941,71.6703787691222,12.3489626884002,12.6501569003124,12.9513511122246,13.2525453241368,13.553739536049,13.8549337479612,14.1561279598735,14.4573221717857,14.7585163836979,15.0597105956101
6.09090909090909,7.09090909090909,14.1818181818181,21.2727272727272,28.3636363636363,35.4545454545454,42.5454545454545,49.6363636363636,56.7272727272727,63.8181818181818,70.9090909090909,40.8090909090909,44.5190082644628,48.2289256198347,51.9388429752066,55.6487603305785,59.3586776859504,63.0685950413223,66.7785123966942,70.4884297520661,74.198347107438,-4.01296681401117,-4.20406047182123,-4.39515412963128,-4.58624778744134,-4.77734144525139,-4.96843510306145,-5.15952876087151,-5.35062241868156,-5.54171607649162,-5.73280973430167,56.0107177443704,57.817515090963,59.6243124375556,61.4311097841482,63.2379071307408,65.0447044773334,66.851501823926,68.6582991705186,70.4650965171112,72.2718938637038,12.1264649303382,12.4222323676635,12.7179998049889,13.0137672423142,13.3095346796395,13.6053021169648,13.9010695542902,14.1968369916155,14.4926044289408,14.7883718662661
6.18181818181818,7.18181818181818,14.3636363636363,21.5454545454545,28.7272727272727,35.9090909090909,43.090909090909,50.2727272727272,57.4545454545454,64.6363636363636,71.8181818181818,42.0363636363636,45.8578512396694,49.6793388429752,53.5008264462809,57.3223140495867,61.1438016528925,64.9652892561983,68.7867768595041,72.6082644628099,76.4297520661157,-2.12506598548115,-2.2262596038374,-2.32745322219364,-2.42864684054989,-2.52984045890614,-2.63103407726238,-2.73222769561863,-2.83342131397487,-2.93461493233112,-3.03580855068736,56.4699854037098,58.2915978360875,60.1132102684652,61.934822700843,63.7564351332207,65.5780475655985,67.3996599979762,69.2212724303539,71.0428848627317,72.8644972951094,11.9079760314486,12.19841447124,12.4888529110314,12.7792913508228,13.0697297906143,13.3601682304057,13.6506066701971,13.9410451099886,14.23148354978,14.5219219895714
6.27272727272727,7.27272727272727,14.5454545454545,21.8181818181818,29.090909090909,36.3636363636363,43.6363636363636,50.9090909090909,58.1818181818181,65.4545454545454,72.7272727272727,43.2818181818181,47.2165289256198,51.1512396694214,55.0859504132231,59.0206611570247,62.9553719008264,66.8900826446281,70.8247933884297,74.7595041322314,78.694214876033,-0.219614720219449,-0.230072564039423,-0.240530407859397,-0.250988251679371,-0.261446095499344,-0.271903939319318,-0.282361783139292,-0.292819626959266,-0.30327747077924,-0.313735314599213,56.9225481857655,58.7587594175644,60.5949706493633,62.4311818811622,64.2673931129611,66.10360434476,67.9398155765588,69.7760268083577,71.6122380401566,73.4484492719555,11.6934237620063,11.9786292196162,12.2638346772262,12.5490401348361,12.834245592446,13.1194510500559,13.4046565076658,13.6898619652757,13.9750674228856,14.2602728804955
6.36363636363636,7.36363636363636,14.7272727272727,22.090909090909,29.4545454545454,36.8181818181818,44.1818181818181,51.5454545454545,58.9090909090909,66.2727272727272,73.6363636363636,44.5454545454545,48.595041322314,52.6446280991735,56.694214876033,60.7438016528925,64.793388429752,68.8429752066115,72.892561983471,76.9421487603305,80.9917355371901,1.68765029307593,1.76801459274621,1.8483788924165,1.92874319208678,2.00910749175706,2.08947179142734,2.16983609109763,2.25020039076791,2.33056469043819,2.41092899010847,57.3685990467806,59.2191990160316,61.0697989852826,62.9203989545336,64.7709989237846,66.6215988930355,68.4721988622865,70.3227988315375,72.1733988007885,74.0239987700395,11.4827371936876,11.7628039545092,12.0428707153308,12.3229374761525,12.6030042369741,12.8830709977958,13.1631377586174,13.4432045194391,13.7232712802607,14.0033380410824
6.45454545454545,7.45454545454545,14.9090909090909,22.3636363636363,29.8181818181818,37.2727272727272,44.7272727272727,52.1818181818181,59.6363636363636,67.0909090909091,74.5454545454545,45.8272727272727,49.993388429752,54.1595041322314,58.3256198347107,62.49173553719,66.6578512396694,70.8239669421487,74.9900826446281,79.1561983471074,83.3223140495868,3.58097738637436,3.75150011905885,3.92202285174335,4.09254558442784,4.26306831711233,4.43359104979683,4.60411378248132,4.77463651516581,4.94515924785031,5.1156819805348,57.8083227315313,59.6731073357742,61.5378919400171,63.4026765442601,65.267461148503,67.132245752746,68.9970303569889,70.8618149612319,72.7265995654748,74.5913841697178,11.2758466761212,11.5508673267583,11.8258879773954,12.1009086280325,12.3759292786696,12.6509499293067,12.9259705799438,13.2009912305809,13.476011881218,13.7510325318551
6.54545454545454,7.54545454545454,15.090909090909,22.6363636363636,30.1818181818181,37.7272727272727,45.2727272727272,52.8181818181818,60.3636363636363,67.9090909090909,75.4545454545454,47.1272727272727,51.4115702479338,55.695867768595,59.9801652892562,64.2644628099173,68.5487603305785,72.8330578512396,77.1173553719008,81.401652892562,85.6859504132231,5.44473000175701,5.70400285898353,5.96327571621006,6.22254857343658,6.48182143066311,6.74109428788963,7.00036714511616,7.25964000234268,7.51891285956921,7.77818571679573,58.2418962327482,60.1206670789659,61.9994379251836,63.8782087714012,65.7569796176189,67.6357504638366,69.5145213100543,71.393292156272,73.2720630024897,75.1508338487073,11.0726838138636,11.3427492727383,11.612814731613,11.8828801904877,12.1529456493624,12.4230111082372,12.6930765671119,12.9631420259866,13.2332074848613,13.503272943736
6.63636363636363,7.63636363636363,15.2727272727272,22.9090909090909,30.5454545454545,38.1818181818181,45.8181818181818,53.4545454545454,61.090909090909,68.7272727272727,76.3636363636363,48.4454545454545,52.8495867768595,57.2537190082644,61.6578512396694,66.0619834710744,70.4661157024793,74.8702479338843,79.2743801652892,83.6785123966942,88.0826446280991,7.26351583019288,7.60939753639254,7.9552792425922,8.30116094879186,8.64704265499153,8.99292436119119,9.33880606739085,9.68468777359051,10.0305694797901,10.3764511859898,58.6694892188506,60.5620533872006,62.4546175555506,64.3471817239007,66.2397458922507,68.1323100606007,70.0248742289507,71.9174383973007,73.8100025656508,75.7025667340008,10.8731814437877,11.1383809911971,11.4035805386066,11.6687800860161,11.9339796334255,12.199179180835,12.4643787282444,12.7295782756539,12.9947778230633,13.2599773704728
6.72727272727272,7.72727272727272,15.4545454545454,23.1818181818181,30.9090909090909,38.6363636363636,46.3636363636363,54.090909090909,61.8181818181818,69.5454545454545,77.2727272727272,49.7818181818181,54.3074380165289,58.8330578512396,63.3586776859504,67.8842975206611,72.4099173553719,76.9355371900826,81.4611570247934,85.9867768595041,90.5123966942148,9.02231393311886,9.45194792993405,9.88158192674923,10.3112159235644,10.7408499203796,11.1704839171947,11.6001179140099,12.0297519108251,12.4593859076403,12.8890199044555,59.0912644325797,60.9974342529855,62.9036040733913,64.8097738937971,66.7159437142029,68.6221135346087,70.5282833550145,72.4344531754203,74.3406229958261,76.2467928162319,10.67727361288,10.9376949205112,11.1981162281424,11.4585375357737,11.7189588434049,11.9793801510361,12.2398014586673,12.5002227662985,12.7606440739298,13.021065381561
6.81818181818181,7.81818181818181,15.6363636363636,23.4545454545454,31.2727272727272,39.090909090909,46.9090909090909,54.7272727272727,62.5454545454545,70.3636363636363,78.1818181818181,51.1363636363636,55.7851239669421,60.4338842975206,65.0826446280991,69.7314049586777,74.3801652892562,79.0289256198347,83.6776859504132,88.3264462809917,92.9752066115702,10.7065987969555,11.2164368349058,11.726274872856,12.2361129108063,12.7459509487566,13.2557889867068,13.7656270246571,14.2754650626074,14.7853031005576,15.2951411385079,59.5073780628761,61.426970903614,63.346563744352,65.2661565850899,67.1857494258279,69.1053422665658,71.0249351073037,72.9445279480417,74.8641207887796,76.7837136295175,10.4848955564371,10.7406247163502,10.9963538762633,11.2520830361764,11.5078121960895,11.7635413560026,12.0192705159157,12.2749996758288,12.5307288357419,12.786457995655
6.9090909090909,7.9090909090909,15.8181818181818,23.7272727272727,31.6363636363636,39.5454545454545,47.4545454545454,55.3636363636363,63.2727272727272,71.1818181818181,79.0909090909091,52.5090909090909,57.2826446280991,62.0561983471074,66.8297520661157,71.6033057851239,76.3768595041322,81.1504132231404,85.9239669421487,90.697520661157,95.4710743801652,12.3024602960208,12.8882917386884,13.4741231813561,14.0599546240238,14.6457860666914,15.2316175093591,15.8174489520267,16.4032803946944,16.989111837362,17.5749432800297,59.9179800921267,61.8508181596147,63.7836562271027,65.7164942945906,67.6493323620786,69.5821704295665,71.5150084970545,73.4478465645425,75.3806846320304,77.3135226995184,10.2959836766552,10.5471052297444,10.7982267828335,11.0493483359227,11.3004698890118,11.551591442101,11.8027129951901,12.0538345482793,12.3049561013684,12.5560776544576
7,8,16,24,32,40,48,56,64,72,80,53.9,58.8,63.7,68.6,73.5,78.4,83.3,88.2,93.1,98,13.7967185730945,14.4537051718133,15.1106917705321,15.7676783692509,16.4246649679697,17.0816515666885,17.7386381654073,18.395624764126,19.0526113628448,19.7095979615636,60.3232146207147,62.26912476977,64.2150349188253,66.1609450678806,68.1068552169359,70.0527653659912,71.9986755150465,73.9445856641019,75.8904958131572,77.8364059622125,10.1104755216058,10.3570724855474,10.603669449489,10.8502664134306,11.0968633773722,11.3434603413138,11.5900573052555,11.8366542691971,12.0832512331387,12.3298481970803
7.09090909090909,8.09090909090909,16.1818181818181,24.2727272727272,32.3636363636363,40.4545454545454,48.5454545454545,56.6363636363636,64.7272727272727,72.8181818181818,80.9090909090909,55.3090909090909,60.3371900826446,65.3652892561983,70.393388429752,75.4214876033057,80.4495867768595,85.4776859504132,90.5057851239669,95.5338842975206,100.561983471074,15.1770328888624,15.899748740713,16.6224645925636,17.3451804444142,18.0678962962648,18.7906121481154,19.513327999966,20.2360438518166,20.9587597036672,21.6814755555178,60.7232201706278,62.682033724519,64.6408472784103,66.5996608323015,68.5584743861927,70.5172879400839,72.4761014939752,74.4349150478664,76.3937286017576,78.3525421556488,9.92830976458958,10.1704636612868,10.4126175579841,10.6547714546815,10.8969253513788,11.1390792480761,11.3812331447734,11.6233870414707,11.865540938168,12.1076948348653
7.18181818181818,8.18181818181818,16.3636363636363,24.5454545454545,32.7272727272727,40.9090909090909,49.090909090909,57.2727272727272,65.4545454545454,73.6363636363636,81.8181818181818,56.7363636363636,61.894214876033,67.0520661157024,72.2099173553719,77.3677685950413,82.5256198347107,87.6834710743801,92.8413223140495,97.999173553719,103.157024793388,16.4320035412755,17.2144799003839,17.9969562594923,18.7794326186006,19.561908977709,20.3443853368174,21.1268616959257,21.9093380550341,22.6918144141424,23.4742907732508,61.1181299697281,63.0896825493968,65.0612351290654,67.0327877087341,69.0043402884027,70.9758928680714,72.94744544774,74.9189980274087,76.8905506070773,78.862103186746,9.74942618386247,9.9872170663957,10.2250079489289,10.4627988314621,10.7005897139953,10.9383805965286,11.1761714790618,11.413962361595,11.6517532441283,11.8895441266615
7.27272727272727,8.27272727272727,16.5454545454545,24.8181818181818,33.090909090909,41.3636363636363,49.6363636363636,57.9090909090909,66.1818181818181,74.4545454545454,82.7272727272727,58.1818181818181,63.4710743801652,68.7603305785124,74.0495867768594,79.3388429752066,84.6280991735537,89.9173553719008,95.2066115702479,100.495867768595,105.785123966942,17.5512660130974,18.3870405851496,19.2228151572019,20.0585897292542,20.8943643013064,21.7301388733587,22.5659134454109,23.4016880174632,24.2374625895155,25.0732371615677,61.5080722181408,63.4922035800163,65.4763349418918,67.4604663037673,69.4445976656428,71.4287290275184,73.4128603893939,75.3969917512694,77.3811231131449,79.3652544750204,9.57376564272744,9.80727212181836,10.0407786009092,10.2742850800001,10.5077915590911,10.741298038182,10.9748045172729,11.2083109963638,11.4418174754547,11.6753239545456
7.36363636363636,8.36363636363636,16.7272727272727,25.090909090909,33.4545454545454,41.8181818181818,50.1818181818181,58.5454545454545,66.9090909090909,75.2727272727272,83.6363636363636,59.6454545454545,65.0677685950413,70.4900826446281,75.9123966942148,81.3347107438016,86.7570247933884,92.1793388429752,97.601652892562,103.023966942148,108.446280991735,18.5255765700947,19.4077468829564,20.289917195818,21.1720875086797,22.0542578215413,22.936428134403,23.8185984472646,24.7007687601263,25.582939072988,26.4651093858496,61.8931703380961,63.8897242199701,65.8862781018442,67.8828319837183,69.8793858655923,71.8759397474664,73.8724936293405,75.8690475112145,77.8656013930886,79.8621552749627,9.4012700699844,9.63056933998402,9.85986860998364,10.0891678799832,10.3184671499828,10.5477664199825,10.7770656899821,11.0063649599817,11.2356642299813,11.4649634999809
7.45454545454545,8.45454545454545,16.9090909090909,25.3636363636363,33.8181818181818,42.2727272727272,50.7272727272727,59.1818181818181,67.6363636363636,76.0909090909091,84.5454545454545,61.1272727272727,66.6842975206611,72.2413223140496,77.798347107438,83.3553719008264,88.9123966942148,94.4694214876033,100.026446280991,105.58347107438,111.140495867768,19.3468886029366,20.2681690126002,21.1894494222639,22.1107298319275,23.0320102415912,23.9532906512548,24.8745710609185,25.7958514705821,26.7171318802458,27.6384122899094,62.2735432084423,64.2823671829082,66.2911911573741,68.30001513184,70.3088391063059,72.3176630807717,74.3264870552376,76.3353110297035,78.3441350041694,80.3529589786353,9.23188244073259,9.4570503051407,9.68221816954882,9.90738603395693,10.132553898365,10.3577217627731,10.5828896271812,10.8080574915893,11.0332253559974,11.2583932204056
7.54545454545454,8.54545454545454,17.090909090909,25.6363636363636,34.1818181818181,42.7272727272727,51.2727272727272,59.8181818181818,68.3636363636363,76.9090909090909,85.4545454545454,62.6272727272727,68.3206611570248,74.0140495867768,79.7074380165289,85.400826446281,91.094214876033,96.7876033057851,102.480991735537,108.174380165289,113.867768595041,20.008419082311,20.9612009433735,21.9139828044359,22.8667646654983,23.8195465265608,24.7723283876232,25.7251102486856,26.6778921097481,27.6306739708105,28.5834558318729,62.649305384945,64.6702507199432,66.6911960549415,68.7121413899397,70.7330867249379,72.7540320599362,74.7749773949344,76.7959227299326,78.8168680649308,80.8378133999291,9.06554675751892,9.28665765404377,9.50776855056862,9.72887944709348,9.94999034361833,10.1711012401431,10.392212136668,10.6133230331928,10.8344339297177,11.0555448262425
7.63636363636363,8.63636363636363,17.2727272727272,25.9090909090909,34.5454545454545,43.1818181818181,51.8181818181818,60.4545454545454,69.0909090909091,77.7272727272727,86.3636363636363,64.1454545454545,69.9768595041322,75.8082644628099,81.6396694214876,87.4710743801653,93.302479338843,99.1338842975206,104.965289256198,110.796694214876,116.628099173553,20.5047045784217,21.4811190821561,22.4575335858905,23.4339480896248,24.4103625933592,25.3867770970936,26.3631916008279,27.3396061045623,28.3160206082967,29.292435112031,63.0205673073932,65.0534888334381,67.0864103594831,69.119331885528,71.152253411573,73.1851749376179,75.2180964636629,77.2510179897078,79.2839395157527,81.3168610417977,8.90220803182586,9.11933505699235,9.33646208215883,9.55358910732532,9.7707161324918,9.98784315765829,10.2049701828247,10.4220972079912,10.6392242331577,10.8563512583242
7.72727272727272,8.72727272727272,17.4545454545454,26.1818181818181,34.9090909090909,43.6363636363636,52.3636363636363,61.090909090909,69.8181818181818,78.5454545454545,87.2727272727272,65.6818181818181,71.6528925619834,77.6239669421487,83.595041322314,89.5661157024793,95.5371900826446,101.508264462809,107.479338842975,113.45041322314,119.421487603305,20.8316463822121,21.8236295432698,22.8156127043276,23.8075958653853,24.799579026443,25.7915621875007,26.7835453485584,27.7755285096162,28.7675116706739,29.7594948317316,63.3874354944503,65.4321914781422,67.4769474618342,69.5217034455261,71.5664594292181,73.61121541291,75.655971396602,77.7007273802939,79.7454833639859,81.7902393476778,8.74181226589294,8.95502719920741,9.16824213252187,9.38145706583633,9.59467199915079,9.80788693246525,10.0211018657797,10.2343167990941,10.4475317324086,10.6607466657231
7.81818181818181,8.81818181818181,17.6363636363636,26.4545454545454,35.2727272727272,44.090909090909,52.9090909090909,61.7272727272727,70.5454545454545,79.3636363636363,88.1818181818181,67.2363636363636,73.3487603305785,79.4611570247934,85.5735537190082,91.6859504132231,97.798347107438,103.910743801652,110.023140495867,116.135537190082,122.247933884297,20.9865443556716,21.9859036107036,22.9852628657356,23.9846221207676,24.9839813757996,25.9833406308316,26.9826998858636,27.9820591408955,28.9814183959275,29.9807776509595,63.7500127271092,65.8064647505643,67.8629167740195,69.9193687974746,71.9758208209298,74.0322728443849,76.08872486784,78.1451768912952,80.2016289147503,82.2580809382054,8.58430643486575,8.7936797625454,9.00305309022505,9.21242641790471,9.42179974558436,9.63117307326401,9.84054640094366,10.0499197286233,10.2592930563029,10.4686663839826
7.9090909090909,8.90909090909091,17.8181818181818,26.7272727272727,35.6363636363636,44.5454545454545,53.4545454545454,62.3636363636363,71.2727272727272,80.1818181818181,89.0909090909091,68.8090909090909,75.0644628099173,81.3198347107438,87.5752066115702,93.8305785123967,100.085950413223,106.341322314049,112.596694214876,118.852066115702,125.107438016528,20.9681192316615,21.9666010998359,22.9650829680102,23.9635648361846,24.9620467043589,25.9605285725333,26.9590104407077,27.957492308882,28.9559741770564,29.9544560452307,64.1083982215426,66.1764110673988,68.244423913255,70.3124367591112,72.3804496049674,74.4484624508236,76.5164752966798,78.584488142536,80.6525009883923,82.7205138342485,8.42963846926657,8.63523940754136,8.84084034581616,9.04644128409095,9.25204222236575,9.45764316064054,9.66324409891534,9.86884503719013,10.0744459754649,10.2800469137397
8,9,18,27,36,45,54,63,72,81,90,70.4,76.8,83.2,89.6,96,102.4,108.8,115.2,121.6,128,20.776523179091,21.7658814257144,22.7552396723377,23.7445979189611,24.7339561655845,25.7233144122079,26.7126726588313,27.7020309054546,28.691389152078,29.6807473987014,64.4626877920749,66.5421293337547,68.6215708754345,70.7010124171144,72.7804539587942,74.859895500474,76.9393370421539,79.0187785838337,81.0982201255135,83.1776616671934,8.27775723778087,8.47965375577552,8.68155027377018,8.88344679176483,9.08534330975949,9.28723982775414,9.4891363457488,9.69103286374345,9.89292938173811,10.0948258997327
8.09090909090909,9.09090909090909,18.1818181818181,27.2727272727272,36.3636363636363,45.4545454545454,54.5454545454545,63.6363636363636,72.7272727272727,81.8181818181818,90.9090909090909,72.0090909090909,78.5553719008264,85.1016528925619,91.6479338842975,98.194214876033,104.740495867768,111.286776859504,117.833057851239,124.379338842975,130.92561983471,20.4133385461891,21.3854022864838,22.3574660267785,23.3295297670733,24.301593507368,25.2736572476627,26.2457209879574,27.2177847282521,28.1898484685469,29.1619122088416,64.8129740049468,66.9037151018806,68.9944561988143,71.0851972957481,73.1759383926819,75.2666794896156,77.3574205865494,79.4481616834832,81.5389027804169,83.6296438773507,8.1286125303539,8.32687137255766,8.52513021476141,8.72338905696517,8.92164789916892,9.11990674137267,9.31816558357643,9.51642442578018,9.71468326798394,9.91294211018769
8.18181818181818,9.18181818181818,18.3636363636363,27.5454545454545,36.7272727272727,45.9090909090909,55.090909090909,64.2727272727272,73.4545454545454,82.6363636363636,91.8181818181818,73.6363636363636,80.3305785123967,87.0247933884297,93.7190082644628,100.413223140495,107.107438016528,113.801652892561,120.495867768595,127.190082644628,133.884297520661,19.8815647922504,20.8283059728337,21.7750471534171,22.7217883340005,23.6685295145838,24.6152706951672,25.5620118757505,26.5087530563339,27.4554942369172,28.4022354175006,65.1593463234887,67.2612607210206,69.3631751185525,71.4650895160844,73.5670039136163,75.6689183111481,77.77083270868,79.8727471062119,81.9746615037438,84.0765759012757,7.98215504159191,8.17684174992342,8.37152845825493,8.56621516658645,8.76090187491795,8.95558858324946,9.15027529158097,9.34496199991248,9.539648708244,9.73433541657551
8.27272727272727,9.27272727272727,18.5454545454545,27.8181818181818,37.090909090909,46.3636363636363,55.6363636363636,64.9090909090909,74.1818181818181,83.4545454545454,92.7272727272727,75.2818181818182,82.1256198347107,88.9694214876033,95.8132231404958,102.657024793388,109.500826446281,116.344628099173,123.188429752066,130.032231404958,136.876033057851,19.1855937157827,20.0991934165343,21.0127931172858,21.9263928180374,22.8399925187889,23.7535922195405,24.6671919202921,25.5807916210436,26.4943913217952,27.4079910225467,65.5018912452728,67.6148554789913,69.7278197127098,71.8407839464283,73.9537481801467,76.0667124138652,78.1796766475837,80.2926408813022,82.4056051150207,84.5185693487391,7.83833635446235,8.02951528993704,8.22069422541173,8.41187316088642,8.60305209636111,8.7942310318358,8.9854099673105,9.17658890278519,9.36776783825988,9.55894677373457
8.36363636363636,9.36363636363636,18.7272727272727,28.090909090909,37.4545454545454,46.8181818181818,56.1818181818181,65.5454545454545,74.9090909090909,84.2727272727272,93.6363636363636,76.9454545454545,83.9404958677685,90.9355371900826,97.9305785123966,104.92561983471,111.920661157024,118.915702479338,125.910743801652,132.905785123966,139.90082644628,18.331173183642,19.2040861923869,20.0769992011317,20.9499122098766,21.8228252186214,22.6957382273663,23.5686512361111,24.441564244856,25.3144772536009,26.1873902623457,65.8406924317707,67.9645857360214,70.0884790402721,72.2123723445227,74.3362656487734,76.4601589530241,78.5840522572747,80.7079455615254,82.8318388657761,84.9557321700267,7.69710892428782,7.88484328829484,8.07257765230186,8.26031201630888,8.4480463803159,8.63578074432292,8.82351510832994,9.01124947233696,9.19898383634398,9.386718200351
8.45454545454545,9.45454545454545,18.9090909090909,28.3636363636363,37.8181818181818,47.2727272727272,56.7272727272727,66.1818181818181,75.6363636363636,85.0909090909091,94.5454545454545,78.6272727272727,85.7752066115702,92.9231404958677,100.071074380165,107.219008264462,114.36694214876,121.514876033057,128.662809917355,135.810743801652,142.95867768595,17.325359660707,18.1503767874073,18.9753939141076,19.800411040808,20.6254281675083,21.4504452942087,22.275462420909,23.1004795476093,23.9254966743097,24.75051380101,66.1758308310014,68.3105350513563,70.4452392717112,72.5799434920661,74.714647712421,76.8493519327758,78.9840561531307,81.1187603734856,83.2534645938405,85.3881688141954,7.55842606302839,7.74277791822421,7.92712977342002,8.11148162861583,8.29583348381165,8.48018533900746,8.66453719420328,8.84888904939909,9.03324090459491,9.21759275979072
8.54545454545454,9.54545454545454,19.090909090909,28.6363636363636,38.1818181818181,47.7272727272727,57.2727272727272,66.8181818181818,76.3636363636363,85.9090909090909,95.4545454545454,80.3272727272727,87.6297520661157,94.9322314049587,102.234710743801,109.537190082644,116.839669421487,124.14214876033,131.444628099173,138.747107438016,146.049586776859,16.1764599321405,16.9467675479567,17.7170751637729,18.4873827795891,19.2576903954053,20.0279980112215,20.7983056270378,21.568613242854,22.3389208586702,23.1092284744864,66.5073847936206,68.6527843030922,70.7981838125639,72.9435833220355,75.0889828315071,77.2343823409788,79.3797818504504,81.525181359922,83.6705808693937,85.8159803788653,7.42224192384712,7.60327221467266,7.7843025054982,7.96533279632374,8.14636308714928,8.32739337797482,8.50842366880036,8.6894539596259,8.87048425045144,9.05151454127698
8.63636363636363,9.63636363636363,19.2727272727272,28.9090909090909,38.5454545454545,48.1818181818181,57.8181818181818,67.4545454545454,77.0909090909091,86.7272727272727,96.3636363636363,82.0454545454545,89.5041322314049,96.9628099173553,104.421487603305,111.880165289256,119.338842975206,126.797520661157,134.256198347107,141.714876033057,149.173553719008,14.8939624995396,15.6031988090415,16.3124351185434,17.0216714280453,17.7309077375472,18.4401440470491,19.149380356551,19.8586166660529,20.5678529755547,21.2770892850566,66.8354301828672,68.9914118016694,71.1473934204716,73.3033750392738,75.4593566580759,77.6153382768781,79.7713198956803,81.9273015144824,84.0832831332846,86.2392647520868,7.28851148595365,7.46628005878178,7.64404863160992,7.82181720443806,7.9995857772662,8.17735435009434,8.35512292292247,8.53289149575061,8.71066006857875,8.88842864140689
8.72727272727272,9.72727272727272,19.4545454545454,29.1818181818181,38.9090909090909,48.6363636363636,58.3636363636363,68.0909090909091,77.8181818181818,87.5454545454545,97.2727272727272,83.7818181818181,91.398347107438,99.0148760330578,106.631404958677,114.247933884297,121.864462809917,129.480991735537,137.097520661157,144.714049586776,152.330578512396,13.4884592175589,14.1307667993475,14.773074381136,15.4153819629245,16.057689544713,16.6999971265015,17.3423047082901,17.9846122900786,18.6269198718671,19.2692274536556,67.1600404787534,69.3264933974229,71.4929463160923,73.6593992347618,75.8258521534312,77.9923050721007,80.1587579907702,82.3252109094396,84.4916638281091,86.6581167467786,7.15719053972087,7.33175616264089,7.50632178556091,7.68088740848093,7.85545303140095,8.03001865432098,8.204584277241,8.37914990016102,8.55371552308104,8.72828114600106
8.81818181818181,9.81818181818181,19.6363636363636,29.4545454545454,39.2727272727272,49.090909090909,58.9090909090909,68.7272727272727,78.5454545454545,88.3636363636363,98.1818181818181,85.5363636363636,93.3123966942148,101.088429752066,108.864462809917,116.640495867768,124.416528925619,132.192561983471,139.968595041322,147.744628099173,155.520661157024,11.9715578181912,12.5416320000098,13.1117061818285,13.6817803636471,14.2518545454657,14.8219287272844,15.392002909103,15.9620770909216,16.5321512727402,17.1022254545589,67.4812868768553,69.6581025825603,71.8349182882654,74.0117339939704,76.1885496996754,78.3653654053804,80.5421811110854,82.7189968167904,84.8958125224954,87.0726282282004,7.0282356720698,7.1996560543154,7.37107643656101,7.54249681880661,7.71391720105222,7.88533758329782,8.05675796554343,8.22817834778903,8.39959873003464,8.57101911228024
8.90909090909091,9.90909090909091,19.8181818181818,29.7272727272727,39.6363636363636,49.5454545454545,59.4545454545454,69.3636363636363,79.2727272727272,89.1818181818181,99.0909090909091,87.3090909090909,95.2462809917355,103.18347107438,111.120661157024,119.057851239669,126.995041322314,134.932231404958,142.869421487603,150.806611570247,158.743801652892,10.3557860451487,10.8489187139654,11.342051382782,11.8351840515986,12.3283167204152,12.8214493892318,13.3145820580484,13.807714726865,14.3008473956816,14.7939800644982,67.7992383820382,69.9863105879104,72.1733827937826,74.3604549996548,76.547527205527,78.7345994113992,80.9216716172714,83.1087438231436,85.2958160290158,87.482888234888,6.90160425211774,7.069936063145,7.23826787417227,7.40659968519953,7.57493149622679,7.74326330725405,7.91159511828132,8.07992692930858,8.24825874033584,8.4165905513631
9,10,20,30,40,50,60,70,80,90,100,89.1,97.2,105.3,113.399999999999,121.5,129.6,137.7,145.8,153.9,162,8.65448819007688,9.06660667531864,9.4787251605604,9.89084364580215,10.3029621310439,10.7150806162856,11.1271991015274,11.5393175867691,11.9514360720109,12.3635545572526,68.1139618974228,70.311186474759,72.5084110520952,74.7056356294314,76.9028602067676,79.1000847841039,81.2973093614401,83.4945339387763,85.6917585161125,87.8889830934487,6.77725441708504,6.94255330530663,7.10785219352822,7.2731510817498,7.43844996997139,7.60374885819298,7.76904774641456,7.93434663463615,8.09964552285774,8.26494441107932
9.09090909090909,10.090909090909,20.1818181818181,30.2727272727272,40.3636363636363,50.4545454545454,60.5454545454545,70.6363636363636,80.7272727272727,90.8181818181818,100.90909090909,90.9090909090909,99.1735537190082,107.438016528925,115.702479338842,123.96694214876,132.231404958677,140.495867768595,148.760330578512,157.024793388429,165.289256198347,6.88171488508346,7.20941559389696,7.53711630271045,7.86481701152395,8.19251772033745,8.52021842915095,8.84791913796445,9.17561984677794,9.50332055559144,9.83102126440494,68.4255223088813,70.632797222071,72.8400721352608,75.0473470484505,77.2546219616402,79.4618968748299,81.6691717880196,83.8764467012094,86.0837216143991,88.2909965275888,6.65514505845577,6.81746566963762,6.97978628081947,7.14210689200131,7.30442750318316,7.46674811436501,7.62906872554686,7.79138933672871,7.95370994791056,8.1160305590924
9.18181818181818,10.1818181818181,20.3636363636363,30.5454545454545,40.7272727272727,50.9090909090909,61.090909090909,71.2727272727272,81.4545454545454,91.6363636363636,101.818181818181,92.7363636363636,101.16694214876,109.597520661157,118.028099173553,126.45867768595,134.889256198347,143.319834710743,151.75041322314,160.180991735537,168.611570247933,5.05210706176387,5.29268358851453,5.53326011526519,5.77383664201585,6.01441316876651,6.25498969551718,6.49556622226784,6.7361427490185,6.97671927576916,7.21729580251982,68.7339825653295,70.9512078093724,73.1684330534153,75.3856582974582,77.6028835415011,79.820108785544,82.0373340295868,84.2545592736297,86.4717845176726,88.6890097617155,6.53523580838775,6.69463180371428,6.85402779904082,7.01342379436735,7.17281978969388,7.33221578502041,7.49161178034694,7.65100777567347,7.810403771,7.96979976632653
9.27272727272727,10.2727272727272,20.5454545454545,30.8181818181818,41.090909090909,51.3636363636363,61.6363636363636,71.9090909090909,82.1818181818181,92.4545454545454,102.727272727272,94.5818181818182,103.180165289256,111.778512396694,120.376859504132,128.97520661157,137.573553719008,146.171900826446,154.770247933884,163.368595041322,171.96694214876,3.18077503507597,3.33224051293674,3.4837059907975,3.63517146865826,3.78663694651902,3.93810242437978,4.08956790224054,4.2410333801013,4.39249885796206,4.54396433582282,69.0394037550629,71.2664812955488,73.4935588360347,75.7206363765206,77.9477139170065,80.1747914574924,82.4018689979783,84.6289465384642,86.8560240789501,89.083101619436,6.41748702636748,6.57401110018132,6.73053517399516,6.887059247809,7.04358332162284,7.20010739543669,7.35663146925053,7.51315554306437,7.66967961687821,7.82620369069205
9.36363636363636,10.3636363636363,20.7272727272727,31.090909090909,41.4545454545454,51.8181818181818,62.1818181818181,72.5454545454545,82.9090909090909,93.2727272727272,103.636363636363,96.4454545454545,105.213223140495,113.980991735537,122.748760330578,131.516528925619,140.284297520661,149.052066115702,157.819834710743,166.587603305785,175.355371900826,1.28317371068525,1.34427722071788,1.40538073075051,1.46648424078314,1.52758775081577,1.5886912608484,1.64979477088103,1.71089828091366,1.77200179094629,1.83310530097892,69.3418451783692,71.5786788938004,73.8155126092317,76.052346324663,78.2891800400942,80.5260137555255,82.7628474709568,84.999681186388,87.2365149018193,89.4733486172506,6.30185978610542,6.4555636833275,6.60926758054959,6.76297147777167,6.91667537499375,7.07037927221584,7.22408316943792,7.37778706666,7.53149096388209,7.68519486110417
9.45454545454545,10.4545454545454,20.9090909090909,31.3636363636363,41.8181818181818,52.2727272727272,62.7272727272727,73.1818181818181,83.6363636363636,94.0909090909091,104.545454545454,98.3272727272727,107.266115702479,116.204958677685,125.143801652892,134.082644628099,143.021487603305,151.960330578512,160.899173553719,169.838016528925,178.776859504132,-0.625025053586918,-0.654788151376771,-0.684551249166625,-0.714314346956478,-0.744077444746331,-0.773840542536184,-0.803603640326038,-0.833366738115891,-0.863129835905744,-0.892892933695598,69.641364416633,71.887860042976,74.134355669319,76.380851295662,78.627346922005,80.873842548348,83.120338174691,85.366833801034,87.613329427377,89.85982505372,6.18831586266748,6.33925039590327,6.49018492913906,6.64111946237485,6.79205399561065,6.94298852884644,7.09392306208223,7.24485759531802,7.39579212855382,7.54672666178961
9.54545454545454,10.5454545454545,21.090909090909,31.6363636363636,42.1818181818181,52.7272727272727,63.2727272727272,73.8181818181818,84.3636363636363,94.9090909090909,105.454545454545,100.227272727272,109.338842975206,118.45041322314,127.561983471074,136.673553719008,145.785123966942,154.896694214876,164.008264462809,173.119834710743,182.231404958677,-2.52806187807287,-2.64844577702872,-2.76882967598457,-2.88921357494043,-3.00959747389628,-3.12998137285213,-3.25036527180798,-3.37074917076383,-3.49113306971968,-3.61151696867553,69.9380173981337,72.1940824754928,74.450147552852,76.7062126302112,78.9622777075703,81.2183427849295,83.4744078622886,85.7304729396478,87.9865380170069,90.2426030943661,6.07681771983832,6.22503278617584,6.37324785251336,6.52146291885088,6.6696779851884,6.81789305152592,6.96610811786344,7.11432318420096,7.26253825053848,7.41075331687601
9.63636363636363,10.6363636363636,21.2727272727272,31.9090909090909,42.5454545454545,53.1818181818181,63.8181818181818,74.4545454545454,85.0909090909091,95.7272727272727,106.363636363636,102.145454545454,111.431404958677,120.7173553719,130.003305785123,139.289256198347,148.57520661157,157.861157024793,167.147107438016,176.433057851239,185.719008264462,-4.41022001439198,-4.62023049126779,-4.8302409681436,-5.04025144501941,-5.25026192189522,-5.46027239877102,-5.67028287564683,-5.88029335252264,-6.09030382939845,-6.30031430627426,70.2318584607246,72.4974022820383,74.762946103352,77.0284899246656,79.2940337459793,81.559577567293,83.8251213886067,86.0906652099204,88.3562090312341,90.6217528525478,5.96732849771235,6.11287309521753,6.25841769272271,6.40396229022789,6.54950688773307,6.69505148523825,6.84059608274342,6.9861406802486,7.13168527775378,7.27722987525896
9.72727272727272,10.7272727272727,21.4545454545454,32.1818181818181,42.9090909090909,53.6363636363636,64.3636363636363,75.0909090909091,85.8181818181818,96.5454545454545,107.272727272727,104.081818181818,113.543801652892,123.005785123966,132.467768595041,141.929752066115,151.39173553719,160.853719008264,170.315702479338,179.777685950413,189.239669421487,-6.25595514650118,-6.55385777252505,-6.85176039854892,-7.14966302457278,-7.44756565059665,-7.74546827662051,-8.04337090264438,-8.34127352866825,-8.63917615469211,-8.93707878071598,70.5229404115696,72.7978739732331,75.0728075348966,77.3477410965602,79.6226746582237,81.8976082198872,84.1725417815508,86.4474753432143,88.7224089048778,90.9973424665414,5.85981200050827,6.00273424442311,6.14565648833795,6.28857873225278,6.43150097616762,6.57442322008245,6.71734546399729,6.86026770791213,7.00318995182696,7.1461121957418
9.81818181818181,10.8181818181818,21.6363636363636,32.4545454545454,43.2727272727272,54.090909090909,64.9090909090909,75.7272727272727,86.5454545454545,97.3636363636363,108.181818181818,106.036363636363,115.676033057851,125.315702479338,134.955371900826,144.595041322314,154.234710743801,163.874380165289,173.514049586776,183.153719008264,192.793388429752,-8.05002376766671,-8.4333582327937,-8.81669269792069,-9.20002716304767,-9.58336162817466,-9.96669609330165,-10.3500305584286,-10.7333650235556,-11.1166994886826,-11.5000339538095,70.8113145841013,73.0955505384271,75.379786492753,77.6640224470788,79.9482584014047,82.2324943557305,84.5167303100564,86.8009662643822,89.0852022187081,91.3694381730339,5.75423268460324,5.8945798232521,6.03492696190096,6.17527410054982,6.31562123919868,6.45596837784754,6.5963155164964,6.73666265514526,6.87700979379412,7.01735693244298
9.90909090909091,10.9090909090909,21.8181818181818,32.7272727272727,43.6363636363636,54.5454545454545,65.4545454545454,76.3636363636363,87.2727272727272,98.1818181818181,109.090909090909,108.00909090909,117.828099173553,127.647107438016,137.466115702479,147.285123966942,157.104132231405,166.923140495867,176.74214876033,186.561157024793,196.380165289256,-9.77760907311955,-10.2432095051728,-10.7088099372261,-11.1744103692794,-11.6400108013328,-12.1056112333861,-12.5712116654394,-13.0368120974927,-13.502412529546,-13.9680129615993,71.0970308923539,73.3904835017847,75.6839361112155,77.9773887206462,80.270841330077,82.5642939395078,84.8577465489386,87.1511991583693,89.4446517678001,91.7381043772309,5.65055564678256,5.78837407719189,5.92619250760122,6.06401093801055,6.20182936841988,6.33964779882922,6.47746622923855,6.61528465964788,6.75310309005721,6.89092152046654
10,11,22,33,44,55,66,77,88,99,110,110,120,130,140,150,160,170,180,190,200,-11.4244433286767,-11.9684644395661,-12.5124855504555,-13.0565066613448,-13.6005277722342,-14.1445488831236,-14.6885699940129,-15.2325911049023,-15.7766122157917,-16.320633326681,71.3801378828154,73.6827229758094,75.9853080688035,78.2878931617975,80.5904782547916,82.8930633477856,85.1956484407796,87.4982335337737,89.8008186267677,92.1034037197618,5.54874661270112,5.68408189593773,5.81941717917434,5.95475246241095,6.09008774564757,6.22542302888418,6.36075831212079,6.49609359535741,6.63142887859402,6.76676416183063
